student_id,G1,G2,G3,absences,failures,cluster_label,performance_class,urgency,intervention,risk_factor_count
1,5,6,6,6,0,Average,At-Risk,Medium,Early exam preparation support,1
2,5,5,6,4,0,Average,At-Risk,Medium,Early exam preparation support | Family engagement program,2
3,7,8,10,10,3,At-Risk,Average,High,Priority academic counseling | Remedial tutoring program | Family engagement program,2
4,15,14,15,2,0,High Performer,High,Low,Standard monitoring,0
5,6,10,10,4,0,Average,Average,Low,Standard monitoring,0
6,15,15,15,10,0,High Performer,High,Low,Standard monitoring,0
7,12,12,11,0,0,Average,Average,Low,Standard monitoring,0
8,6,5,6,6,0,Average,At-Risk,Medium,Early exam preparation support | Health & wellbeing referral,2
9,16,18,19,0,0,High Performer,High,Medium,Health & wellbeing referral,1
10,14,15,15,0,0,High Performer,High,Low,Standard monitoring,0
11,10,8,9,0,0,High Performer,At-Risk,Medium,Health & wellbeing referral,1
12,10,12,12,4,0,Average,Average,Low,Standard monitoring,0
13,14,14,14,2,0,High Performer,Average,Medium,Study skills workshop,1
14,10,10,11,2,0,High Performer,Average,Low,Standard monitoring,0
15,14,16,16,0,0,High Performer,High,Low,Standard monitoring,0
16,14,14,14,4,0,High Performer,Average,Medium,Study skills workshop | Health & wellbeing referral,2
17,13,14,14,6,0,High Performer,Average,Medium,Health & wellbeing referral,1
18,8,10,10,4,0,Average,Average,Low,Standard monitoring,0
19,6,5,5,16,3,At-Risk,At-Risk,High,Priority academic counseling | Remedial tutoring program | Attendance counseling + parent contact | Study skills workshop | Wellness & substance awareness program | Early exam preparation support,5
20,8,10,10,4,0,High Performer,Average,Medium,Study skills workshop,1
21,13,14,15,0,0,High Performer,High,Medium,Health & wellbeing referral,1
22,12,15,15,0,0,High Performer,High,Medium,Study skills workshop,1
23,15,15,16,2,0,High Performer,High,Low,Standard monitoring,0
24,13,13,12,0,0,High Performer,Average,Medium,Wellness & substance awareness program,1
25,10,9,8,2,0,High Performer,At-Risk,Low,Standard monitoring,0
26,6,9,8,14,2,At-Risk,At-Risk,High,Priority academic counseling | Remedial tutoring program | Study skills workshop,2
27,12,12,11,2,0,Average,Average,Medium,Study skills workshop,1
28,15,16,15,4,0,High Performer,High,High,Study skills workshop | Wellness & substance awareness program | Health & wellbeing referral,3
29,11,11,11,4,0,High Performer,Average,Low,Standard monitoring,0
30,10,12,11,16,0,At-Risk,Average,High,Priority academic counseling | Attendance counseling + parent contact | Wellness & substance awareness program,2
31,9,11,12,0,0,High Performer,Average,Medium,Wellness & substance awareness program,1
32,17,16,17,0,0,High Performer,High,Low,Standard monitoring,0
33,17,16,16,0,0,High Performer,High,Low,Standard monitoring,0
34,8,10,12,0,0,Average,Average,Medium,Health & wellbeing referral,1
35,12,14,15,0,0,High Performer,High,Medium,Study skills workshop,1
36,8,7,6,0,0,Average,At-Risk,Medium,Study skills workshop,1
37,15,16,18,2,0,High Performer,High,Low,Standard monitoring,0
38,15,16,15,7,0,High Performer,High,Low,Standard monitoring,0
39,12,12,11,2,0,High Performer,Average,Low,Standard monitoring,0
40,14,13,13,8,0,Average,Average,Medium,Study skills workshop | Health & wellbeing referral,2
41,7,10,11,25,1,Average,Average,Medium,Attendance counseling + parent contact,1
42,12,12,12,8,0,High Performer,Average,Medium,Study skills workshop | Wellness & substance awareness program,2
43,19,18,18,2,0,High Performer,High,Low,Standard monitoring,0
44,8,8,11,0,0,Average,Average,Medium,Study skills workshop | Health & wellbeing referral,2
45,10,10,9,14,1,At-Risk,At-Risk,High,Priority academic counseling,0
46,8,8,6,8,0,High Performer,At-Risk,Low,Standard monitoring,0
47,11,12,11,12,0,High Performer,Average,Medium,Wellness & substance awareness program,1
48,19,19,20,4,0,High Performer,High,Medium,Health & wellbeing referral,1
49,15,15,14,2,0,High Performer,Average,Low,Standard monitoring,0
50,7,7,7,2,1,High Performer,At-Risk,Medium,Early exam preparation support,1
51,12,13,13,2,0,Average,Average,Low,Standard monitoring,0
52,11,13,13,2,0,High Performer,Average,Low,Standard monitoring,0
53,11,11,10,6,1,At-Risk,Average,High,Priority academic counseling | Study skills workshop | Wellness & substance awareness program,2
54,8,10,11,0,0,High Performer,Average,Medium,Study skills workshop,1
55,10,13,13,6,0,At-Risk,Average,High,Priority academic counseling | Study skills workshop | Wellness & substance awareness program | Health & wellbeing referral,3
56,8,9,10,8,0,Average,Average,Medium,Health & wellbeing referral,1
57,14,15,15,0,0,High Performer,High,Medium,Health & wellbeing referral,1
58,14,15,15,4,0,High Performer,High,Low,Standard monitoring,0
59,9,10,9,2,0,Average,At-Risk,Low,Standard monitoring,0
60,15,16,16,2,0,High Performer,High,Low,Standard monitoring,0
61,10,11,11,6,0,High Performer,Average,Low,Standard monitoring,0
62,10,8,11,6,0,At-Risk,Average,High,Priority academic counseling | Study skills workshop | Wellness & substance awareness program | Family engagement program,3
63,8,10,9,4,0,Average,At-Risk,Medium,Health & wellbeing referral,1
64,10,9,9,2,0,High Performer,At-Risk,Medium,Wellness & substance awareness program,1
65,10,10,10,0,0,High Performer,Average,Medium,Wellness & substance awareness program | Health & wellbeing referral,2
66,16,15,15,2,0,High Performer,High,Medium,Health & wellbeing referral,1
67,13,13,12,4,0,High Performer,Average,Medium,Wellness & substance awareness program,1
68,7,7,6,4,0,Average,At-Risk,Medium,Early exam preparation support,1
69,8,9,8,2,0,Average,At-Risk,Low,Standard monitoring,0
70,16,16,16,12,0,High Performer,High,Low,Standard monitoring,0
71,13,15,15,0,0,High Performer,High,Low,Standard monitoring,0
72,10,10,10,0,0,High Performer,Average,Low,Standard monitoring,0
73,8,6,5,2,2,At-Risk,At-Risk,High,Priority academic counseling | Remedial tutoring program | Wellness & substance awareness program | Family engagement program,3
74,12,12,14,2,0,Average,Average,Medium,Study skills workshop,1
75,11,12,11,54,0,At-Risk,Average,High,Priority academic counseling | Attendance counseling + parent contact | Wellness & substance awareness program,2
76,9,9,10,6,0,High Performer,Average,Low,Standard monitoring,0
77,11,11,10,8,0,Average,Average,Medium,Health & wellbeing referral,1
78,11,11,11,0,0,Average,Average,Low,Standard monitoring,0
79,8,8,10,2,3,At-Risk,Average,High,Priority academic counseling | Remedial tutoring program | Study skills workshop,2
80,5,5,5,12,0,Average,At-Risk,Medium,Early exam preparation support,1
81,10,12,12,2,0,Average,Average,Medium,Study skills workshop,1
82,11,10,11,4,0,Average,Average,Low,Standard monitoring,0
83,7,6,6,10,0,Average,At-Risk,Medium,Early exam preparation support,1
84,15,15,15,4,0,High Performer,High,Low,Standard monitoring,0
85,9,10,10,2,0,Average,Average,Medium,Family engagement program,1
86,7,9,8,6,2,At-Risk,At-Risk,High,Priority academic counseling | Remedial tutoring program,1
87,8,7,6,4,0,Average,At-Risk,Medium,Health & wellbeing referral,1
88,13,14,14,4,0,High Performer,Average,Medium,Health & wellbeing referral,1
89,11,10,10,12,1,Average,Average,Low,Standard monitoring,0
90,8,6,7,18,0,At-Risk,At-Risk,High,Priority academic counseling | Attendance counseling + parent contact | Wellness & substance awareness program,2
91,7,7,8,0,0,Average,At-Risk,Medium,Early exam preparation support,1
92,16,17,18,4,0,High Performer,High,Medium,Study skills workshop | Health & wellbeing referral,2
93,7,6,6,4,0,Average,At-Risk,Medium,Early exam preparation support | Health & wellbeing referral,2
94,11,10,10,0,0,High Performer,Average,Medium,Health & wellbeing referral,1
95,11,13,14,6,0,Average,Average,Low,Standard monitoring,0
96,7,10,10,2,1,Average,Average,Medium,Health & wellbeing referral | Family engagement program,2
97,11,15,15,2,0,High Performer,High,Medium,Study skills workshop,1
98,8,9,10,2,0,Average,Average,Low,Standard monitoring,0
99,11,14,14,6,0,High Performer,Average,Medium,Study skills workshop | Health & wellbeing referral,2
100,7,9,8,0,0,High Performer,At-Risk,Low,Standard monitoring,0
101,7,7,5,14,0,At-Risk,At-Risk,High,Priority academic counseling | Study skills workshop | Wellness & substance awareness program | Early exam preparation support,3
102,16,17,17,0,0,High Performer,High,Low,Standard monitoring,0
103,10,13,14,4,0,High Performer,Average,Medium,Study skills workshop,1
104,7,6,6,26,0,Average,At-Risk,High,Attendance counseling + parent contact | Early exam preparation support | Health & wellbeing referral,3
105,16,18,18,0,0,High Performer,High,Medium,Health & wellbeing referral,1
106,10,11,11,10,0,Average,Average,Low,Standard monitoring,0
107,7,8,8,8,0,Average,At-Risk,Low,Standard monitoring,0
108,16,18,18,2,0,High Performer,High,Low,Standard monitoring,0
109,10,13,13,6,0,High Performer,Average,Medium,Wellness & substance awareness program | Health & wellbeing referral,2
110,14,15,16,4,0,High Performer,High,Low,Standard monitoring,0
111,18,19,19,6,0,High Performer,High,Medium,Study skills workshop,1
112,7,10,10,0,1,Average,Average,Medium,Health & wellbeing referral,1
113,10,13,13,6,1,Average,Average,Low,Standard monitoring,0
114,18,19,19,10,0,High Performer,High,Medium,Study skills workshop,1
115,9,9,9,8,0,Average,At-Risk,Low,Standard monitoring,0
116,15,15,16,2,0,High Performer,High,Low,Standard monitoring,0
117,11,13,14,2,0,High Performer,Average,Medium,Health & wellbeing referral,1
118,13,14,13,0,0,High Performer,Average,Medium,Study skills workshop,1
119,9,7,8,20,1,At-Risk,At-Risk,High,Priority academic counseling | Attendance counseling + parent contact | Wellness & substance awareness program,2
120,14,13,13,6,0,High Performer,Average,Medium,Study skills workshop,1
121,16,15,15,2,0,Average,High,Medium,Health & wellbeing referral,1
122,16,14,15,6,0,High Performer,High,Low,Standard monitoring,0
123,13,13,13,2,0,High Performer,Average,Low,Standard monitoring,0
124,14,11,13,18,0,High Performer,Average,High,Attendance counseling + parent contact | Study skills workshop | Wellness & substance awareness program,3
125,8,7,8,0,0,Average,At-Risk,Low,Standard monitoring,0
126,13,13,12,0,0,High Performer,Average,Medium,Study skills workshop,1
127,7,10,11,0,0,High Performer,Average,Medium,Health & wellbeing referral,1
128,7,8,9,2,3,At-Risk,At-Risk,High,Priority academic counseling | Remedial tutoring program | Family engagement program,2
129,7,4,0,0,2,At-Risk,At-Risk,High,Priority academic counseling | Remedial tutoring program | Study skills workshop | Early exam preparation support,3
130,18,18,18,8,0,High Performer,High,Medium,Study skills workshop | Wellness & substance awareness program,2
131,12,0,0,0,2,Average,At-Risk,Medium,Remedial tutoring program,1
132,8,0,0,0,0,Average,At-Risk,Medium,Study skills workshop | Family engagement program,2
133,10,13,12,12,0,At-Risk,Average,High,Priority academic counseling | Study skills workshop,1
134,12,11,11,16,0,High Performer,Average,High,Attendance counseling + parent contact | Study skills workshop | Wellness & substance awareness program,3
135,9,0,0,0,0,Average,At-Risk,Low,Standard monitoring,0
136,11,0,0,0,0,High Performer,At-Risk,Low,Standard monitoring,0
137,10,0,0,0,0,At-Risk,At-Risk,High,Priority academic counseling | Wellness & substance awareness program,1
138,4,0,0,0,2,At-Risk,At-Risk,High,Priority academic counseling | Remedial tutoring program | Study skills workshop | Early exam preparation support,3
139,14,12,12,0,1,Average,Average,Medium,Family engagement program,1
140,16,16,15,0,0,High Performer,High,Medium,Study skills workshop,1
141,7,9,0,0,0,High Performer,At-Risk,Low,Standard monitoring,0
142,9,9,9,8,2,At-Risk,At-Risk,High,Priority academic counseling | Remedial tutoring program | Study skills workshop | Health & wellbeing referral,3
143,9,11,11,2,0,High Performer,Average,Low,Standard monitoring,0
144,14,14,13,2,0,Average,Average,High,Study skills workshop | Health & wellbeing referral | Family engagement program,3
145,5,0,0,0,3,At-Risk,At-Risk,High,Priority academic counseling | Remedial tutoring program | Study skills workshop | Early exam preparation support,3
146,8,11,11,0,0,Average,Average,Medium,Family engagement program,1
147,6,7,0,0,3,Average,At-Risk,Medium,Remedial tutoring program | Early exam preparation support,2
148,10,11,11,2,0,Average,Average,Low,Standard monitoring,0
149,7,6,0,0,0,At-Risk,At-Risk,High,Priority academic counseling | Study skills workshop | Early exam preparation support,2
150,8,9,10,0,3,At-Risk,Average,High,Priority academic counseling | Remedial tutoring program | Study skills workshop | Wellness & substance awareness program,3
151,6,5,0,0,3,At-Risk,At-Risk,High,Priority academic counseling | Remedial tutoring program | Study skills workshop | Wellness & substance awareness program | Early exam preparation support | Family engagement program,5
152,12,13,14,6,1,At-Risk,Average,High,Priority academic counseling | Study skills workshop | Wellness & substance awareness program,2
153,10,10,10,8,2,Average,Average,Medium,Remedial tutoring program,1
154,5,0,0,0,3,At-Risk,At-Risk,High,Priority academic counseling | Remedial tutoring program | Study skills workshop | Early exam preparation support,3
155,11,11,12,0,0,High Performer,Average,Medium,Study skills workshop,1
156,11,8,8,2,0,Average,At-Risk,Medium,Health & wellbeing referral,1
157,16,12,13,8,0,Average,Average,Medium,Study skills workshop,1
158,9,8,10,6,3,At-Risk,Average,High,Priority academic counseling | Remedial tutoring program | Study skills workshop | Wellness & substance awareness program | Family engagement program,4
159,17,15,15,2,0,Average,High,Medium,Study skills workshop,1
160,10,12,12,4,1,At-Risk,Average,High,Priority academic counseling | Wellness & substance awareness program,1
161,7,6,0,0,2,At-Risk,At-Risk,High,Priority academic counseling | Remedial tutoring program | Study skills workshop | Early exam preparation support,3
162,5,9,7,6,2,At-Risk,At-Risk,High,Priority academic counseling | Remedial tutoring program | Wellness & substance awareness program,2
163,7,0,0,0,1,At-Risk,At-Risk,High,Priority academic counseling | Study skills workshop | Wellness & substance awareness program | Early exam preparation support,3
164,10,10,10,2,0,At-Risk,Average,High,Priority academic counseling | Study skills workshop | Wellness & substance awareness program | Health & wellbeing referral,3
165,5,8,7,0,3,At-Risk,At-Risk,High,Priority academic counseling | Remedial tutoring program | Wellness & substance awareness program | Family engagement program,3
166,12,11,12,16,1,Average,Average,High,Attendance counseling + parent contact | Study skills workshop | Health & wellbeing referral,3
167,10,10,10,4,0,At-Risk,Average,High,Priority academic counseling | Wellness & substance awareness program,1
168,14,15,16,0,0,High Performer,High,Low,Standard monitoring,0
169,6,7,0,0,0,Average,At-Risk,Medium,Early exam preparation support,1
170,14,14,14,0,0,High Performer,Average,Low,Standard monitoring,0
171,6,5,0,0,2,At-Risk,At-Risk,High,Priority academic counseling | Remedial tutoring program | Study skills workshop | Wellness & substance awareness program | Early exam preparation support | Health & wellbeing referral,5
172,13,15,16,2,0,Average,High,Medium,Family engagement program,1
173,13,11,10,0,0,High Performer,Average,Low,Standard monitoring,0
174,8,7,0,0,3,At-Risk,At-Risk,High,Priority academic counseling | Remedial tutoring program,1
175,10,11,9,4,0,High Performer,At-Risk,Low,Standard monitoring,0
176,10,9,9,4,0,At-Risk,At-Risk,High,Priority academic counseling | Wellness & substance awareness program,1
177,13,13,11,2,0,High Performer,Average,Medium,Wellness & substance awareness program,1
178,6,5,6,4,0,At-Risk,At-Risk,High,Priority academic counseling | Wellness & substance awareness program | Early exam preparation support,2
179,10,8,9,10,0,At-Risk,At-Risk,High,Priority academic counseling | Study skills workshop | Wellness & substance awareness program,2
180,10,10,11,4,0,High Performer,Average,Medium,Health & wellbeing referral,1
181,9,8,8,10,0,High Performer,At-Risk,Low,Standard monitoring,0
182,12,13,12,2,0,High Performer,Average,Low,Standard monitoring,0
183,16,17,17,0,0,High Performer,High,Low,Standard monitoring,0
184,9,9,8,56,0,At-Risk,At-Risk,High,Priority academic counseling | Attendance counseling + parent contact | Health & wellbeing referral,2
185,12,13,12,14,0,High Performer,Average,Medium,Health & wellbeing referral,1
186,12,12,11,12,0,High Performer,Average,Low,Standard monitoring,0
187,11,12,11,2,0,Average,Average,Medium,Study skills workshop,1
188,15,15,15,0,0,Average,High,Low,Standard monitoring,0
189,8,7,9,6,0,Average,At-Risk,Low,Standard monitoring,0
190,8,9,10,4,0,Average,Average,Medium,Wellness & substance awareness program,1
191,11,12,13,10,0,Average,Average,Medium,Health & wellbeing referral,1
192,8,8,9,0,0,Average,At-Risk,Medium,Family engagement program,1
193,7,8,8,12,0,At-Risk,At-Risk,High,Priority academic counseling | Wellness & substance awareness program,1
194,8,9,10,8,0,At-Risk,Average,High,Priority academic counseling | Study skills workshop | Wellness & substance awareness program,2
195,13,14,14,0,0,High Performer,Average,Medium,Study skills workshop,1
196,14,15,15,0,0,High Performer,High,Low,Standard monitoring,0
197,17,15,16,4,0,High Performer,High,Medium,Study skills workshop,1
198,9,9,10,8,0,At-Risk,Average,High,Priority academic counseling | Study skills workshop | Wellness & substance awareness program,2
199,18,18,18,24,1,High Performer,High,High,Attendance counseling + parent contact | Study skills workshop | Health & wellbeing referral,3
200,9,9,10,0,0,High Performer,Average,Low,Standard monitoring,0
201,16,16,16,2,0,High Performer,High,Medium,Wellness & substance awareness program | Health & wellbeing referral,2
202,8,10,10,6,0,Average,Average,Low,Standard monitoring,0
203,9,9,10,4,0,Average,Average,Medium,Health & wellbeing referral | Family engagement program,2
204,7,6,6,18,0,Average,At-Risk,High,Attendance counseling + parent contact | Study skills workshop | Early exam preparation support,3
205,10,10,11,6,0,Average,Average,Low,Standard monitoring,0
206,10,9,9,28,1,At-Risk,At-Risk,High,Priority academic counseling | Attendance counseling + parent contact | Wellness & substance awareness program,2
207,7,7,7,5,3,At-Risk,At-Risk,High,Priority academic counseling | Remedial tutoring program | Early exam preparation support,2
208,11,12,13,10,0,High Performer,Average,Medium,Health & wellbeing referral,1
209,9,9,10,6,0,Average,Average,High,Study skills workshop | Wellness & substance awareness program | Family engagement program,3
210,7,7,7,6,0,High Performer,At-Risk,Medium,Early exam preparation support,1
211,8,8,8,10,0,Average,At-Risk,Low,Standard monitoring,0
212,12,12,13,13,0,At-Risk,Average,High,Priority academic counseling | Wellness & substance awareness program,1
213,12,13,14,0,0,Average,Average,Low,Standard monitoring,0
214,6,7,8,15,1,At-Risk,At-Risk,High,Priority academic counseling | Wellness & substance awareness program | Early exam preparation support,2
215,8,10,10,12,0,Average,Average,Medium,Study skills workshop,1
216,14,15,15,2,0,High Performer,High,Medium,Health & wellbeing referral,1
217,6,6,4,22,2,At-Risk,At-Risk,High,Priority academic counseling | Remedial tutoring program | Attendance counseling + parent contact | Wellness & substance awareness program | Early exam preparation support | Health & wellbeing referral,5
218,6,6,8,13,1,At-Risk,At-Risk,High,Priority academic counseling | Wellness & substance awareness program | Early exam preparation support,2
219,7,7,8,3,0,Average,At-Risk,High,Study skills workshop | Wellness & substance awareness program | Early exam preparation support,3
220,9,10,10,4,0,Average,Average,Low,Standard monitoring,0
221,6,6,6,2,0,Average,At-Risk,Medium,Early exam preparation support,1
222,6,5,0,0,1,Average,At-Risk,Medium,Early exam preparation support | Family engagement program,2
223,16,16,17,2,0,High Performer,High,Low,Standard monitoring,0
224,12,13,13,0,0,At-Risk,Average,High,Priority academic counseling | Wellness & substance awareness program,1
225,13,13,14,0,0,High Performer,Average,Low,Standard monitoring,0
226,9,8,7,16,1,Average,At-Risk,Medium,Attendance counseling + parent contact,1
227,16,15,15,10,0,High Performer,High,Low,Standard monitoring,0
228,12,11,12,2,0,High Performer,Average,Low,Standard monitoring,0
229,10,8,9,14,0,At-Risk,At-Risk,High,Priority academic counseling | Wellness & substance awareness program,1
230,12,10,12,10,0,Average,Average,Low,Standard monitoring,0
231,13,13,14,14,0,High Performer,Average,Low,Standard monitoring,0
232,11,11,11,4,0,Average,Average,Medium,Health & wellbeing referral,1
233,11,9,9,14,0,High Performer,At-Risk,Medium,Health & wellbeing referral,1
234,14,13,13,2,0,High Performer,Average,Medium,Wellness & substance awareness program | Health & wellbeing referral,2
235,9,7,6,18,0,Average,At-Risk,Medium,Attendance counseling + parent contact | Family engagement program,2
236,11,9,10,10,0,Average,Average,Medium,Health & wellbeing referral,1
237,14,13,13,4,0,At-Risk,Average,High,Priority academic counseling | Wellness & substance awareness program,1
238,13,12,12,20,0,Average,Average,Medium,Attendance counseling + parent contact | Study skills workshop,2
239,13,11,11,2,0,Average,Average,Low,Standard monitoring,0
240,7,7,0,0,1,At-Risk,At-Risk,High,Priority academic counseling | Wellness & substance awareness program | Early exam preparation support | Health & wellbeing referral,3
241,12,12,12,14,0,High Performer,Average,Medium,Wellness & substance awareness program,1
242,10,11,12,2,0,High Performer,Average,Low,Standard monitoring,0
243,6,0,0,0,0,At-Risk,At-Risk,High,Priority academic counseling | Study skills workshop | Early exam preparation support,2
244,13,12,12,0,0,High Performer,Average,Medium,Study skills workshop,1
245,7,0,0,0,0,Average,At-Risk,Medium,Early exam preparation support,1
246,18,18,18,6,0,High Performer,High,Medium,Study skills workshop,1
247,12,12,13,4,0,Average,Average,Medium,Study skills workshop | Health & wellbeing referral,2
248,6,8,8,16,3,At-Risk,At-Risk,High,Priority academic counseling | Remedial tutoring program | Attendance counseling + parent contact | Study skills workshop | Wellness & substance awareness program | Health & wellbeing referral,5
249,3,5,5,8,1,At-Risk,At-Risk,High,Priority academic counseling | Early exam preparation support,1
250,13,15,15,0,0,Average,High,Medium,Study skills workshop | Wellness & substance awareness program,2
251,6,8,8,0,1,At-Risk,At-Risk,High,Priority academic counseling | Study skills workshop | Wellness & substance awareness program,2
252,7,10,10,6,0,Average,Average,Medium,Health & wellbeing referral,1
253,6,9,8,4,1,At-Risk,At-Risk,High,Priority academic counseling | Study skills workshop | Wellness & substance awareness program,2
254,8,9,8,0,0,Average,At-Risk,Medium,Study skills workshop,1
255,8,12,12,0,0,At-Risk,Average,High,Priority academic counseling | Study skills workshop | Wellness & substance awareness program,2
256,7,9,8,2,1,At-Risk,At-Risk,High,Priority academic counseling | Study skills workshop | Family engagement program,2
257,14,12,13,6,0,High Performer,Average,Low,Standard monitoring,0
258,11,11,11,12,0,High Performer,Average,Medium,Health & wellbeing referral,1
259,15,14,14,8,0,Average,Average,Low,Standard monitoring,0
260,10,9,0,0,0,Average,At-Risk,Medium,Health & wellbeing referral,1
261,17,18,18,21,0,High Performer,High,Medium,Attendance counseling + parent contact | Health & wellbeing referral,2
262,8,8,8,2,0,High Performer,At-Risk,Low,Standard monitoring,0
263,13,12,12,1,0,Average,Average,Low,Standard monitoring,0
264,10,9,9,4,0,Average,At-Risk,Low,Standard monitoring,0
265,9,10,0,0,0,Average,At-Risk,Low,Standard monitoring,0
266,17,17,17,13,0,High Performer,High,Medium,Wellness & substance awareness program | Health & wellbeing referral,2
267,9,9,10,2,0,At-Risk,Average,High,Priority academic counseling | Wellness & substance awareness program,1
268,12,10,11,8,0,High Performer,Average,Low,Standard monitoring,0
269,10,9,10,10,0,At-Risk,Average,High,Priority academic counseling,0
270,6,0,0,0,0,At-Risk,At-Risk,High,Priority academic counseling | Early exam preparation support,1
271,9,9,9,15,2,At-Risk,At-Risk,High,Priority academic counseling | Remedial tutoring program,1
272,15,14,14,4,0,High Performer,Average,Medium,Health & wellbeing referral,1
273,11,11,11,2,0,Average,Average,Medium,Family engagement program,1
274,15,14,14,2,0,Average,Average,Medium,Health & wellbeing referral,1
275,10,10,10,2,0,High Performer,Average,Medium,Health & wellbeing referral,1
276,12,12,12,6,0,At-Risk,Average,High,Priority academic counseling,0
277,10,9,9,75,0,At-Risk,At-Risk,High,Priority academic counseling | Attendance counseling + parent contact,1
278,9,9,9,22,0,At-Risk,At-Risk,High,Priority academic counseling | Attendance counseling + parent contact | Study skills workshop | Wellness & substance awareness program,3
279,9,8,8,15,1,High Performer,At-Risk,Low,Standard monitoring,0
280,10,11,10,8,0,High Performer,Average,Medium,Study skills workshop | Health & wellbeing referral,2
281,8,8,8,30,0,At-Risk,At-Risk,High,Priority academic counseling | Attendance counseling + parent contact | Study skills workshop | Wellness & substance awareness program,3
282,11,9,10,19,1,At-Risk,Average,High,Priority academic counseling | Attendance counseling + parent contact | Study skills workshop | Wellness & substance awareness program,3
283,12,12,12,1,0,Average,Average,Medium,Family engagement program,1
284,8,9,10,4,0,Average,Average,Medium,Family engagement program,1
285,10,9,11,4,0,Average,Average,Low,Standard monitoring,0
286,12,10,11,2,0,Average,Average,Medium,Family engagement program,1
287,18,18,19,5,0,High Performer,High,Medium,Health & wellbeing referral,1
288,13,12,12,6,0,Average,Average,Medium,Family engagement program,1
289,15,14,14,6,0,Average,Average,Medium,Health & wellbeing referral,1
290,15,13,15,9,0,High Performer,High,Medium,Health & wellbeing referral,1
291,12,11,11,11,0,High Performer,Average,Medium,Wellness & substance awareness program,1
292,15,15,15,0,0,High Performer,High,Low,Standard monitoring,0
293,12,12,13,12,1,Average,Average,Low,Standard monitoring,0
294,18,18,18,6,0,Average,High,Low,Standard monitoring,0
295,14,13,14,8,0,High Performer,Average,Low,Standard monitoring,0
296,14,12,11,4,0,High Performer,Average,Medium,Study skills workshop,1
297,10,9,0,0,0,High Performer,At-Risk,Medium,Health & wellbeing referral,1
298,10,8,8,10,0,High Performer,At-Risk,Medium,Health & wellbeing referral,1
299,14,13,14,0,0,High Performer,Average,Low,Standard monitoring,0
300,16,15,16,5,0,High Performer,High,Medium,Study skills workshop | Health & wellbeing referral,2
301,12,10,11,14,0,High Performer,Average,Low,Standard monitoring,0
302,11,11,10,0,0,High Performer,Average,Medium,Study skills workshop,1
303,15,12,14,0,0,High Performer,Average,Low,Standard monitoring,0
304,17,17,18,0,0,High Performer,High,Low,Standard monitoring,0
305,15,14,13,20,1,High Performer,Average,Medium,Attendance counseling + parent contact,1
306,14,12,12,8,1,High Performer,Average,Low,Standard monitoring,0
307,17,18,18,0,0,High Performer,High,Medium,Study skills workshop,1
308,8,9,8,38,1,At-Risk,At-Risk,High,Priority academic counseling | Attendance counseling + parent contact | Study skills workshop,2
309,15,12,12,0,1,High Performer,Average,Low,Standard monitoring,0
310,12,10,10,18,1,At-Risk,Average,High,Priority academic counseling | Attendance counseling + parent contact | Family engagement program,2
311,9,9,0,0,1,Average,At-Risk,Low,Standard monitoring,0
312,14,12,13,20,0,Average,Average,Medium,Attendance counseling + parent contact | Health & wellbeing referral,2
313,13,11,11,3,1,Average,Average,Low,Standard monitoring,0
314,13,10,11,22,1,Average,Average,Medium,Attendance counseling + parent contact | Health & wellbeing referral,2
315,15,13,13,14,2,Average,Average,Medium,Remedial tutoring program | Family engagement program,2
316,13,11,11,40,1,Average,Average,Medium,Attendance counseling + parent contact,1
317,8,8,0,0,0,Average,At-Risk,Medium,Health & wellbeing referral,1
318,9,10,9,9,0,High Performer,At-Risk,Low,Standard monitoring,0
319,11,11,10,0,0,High Performer,Average,Medium,Wellness & substance awareness program,1
320,11,11,11,2,0,High Performer,Average,Low,Standard monitoring,0
321,13,13,13,23,0,High Performer,Average,Medium,Attendance counseling + parent contact,1
322,11,9,9,12,0,Average,At-Risk,Low,Standard monitoring,0
323,11,11,11,3,0,Average,Average,Low,Standard monitoring,0
324,12,14,15,1,0,High Performer,High,Low,Standard monitoring,0
325,16,15,15,0,0,Average,High,Medium,Health & wellbeing referral,1
326,9,12,11,3,0,High Performer,Average,Low,Standard monitoring,0
327,14,15,16,3,0,At-Risk,High,High,Priority academic counseling | Study skills workshop | Wellness & substance awareness program,2
328,11,10,10,8,0,At-Risk,Average,High,Priority academic counseling | Study skills workshop | Wellness & substance awareness program,2
329,10,9,9,7,0,High Performer,At-Risk,Low,Standard monitoring,0
330,14,14,14,4,0,High Performer,Average,Low,Standard monitoring,0
331,9,8,8,2,0,At-Risk,At-Risk,High,Priority academic counseling | Wellness & substance awareness program,1
332,12,14,14,7,0,High Performer,Average,Low,Standard monitoring,0
333,7,0,0,0,0,Average,At-Risk,Medium,Early exam preparation support,1
334,8,8,0,0,0,Average,At-Risk,Medium,Health & wellbeing referral,1
335,10,9,0,0,0,Average,At-Risk,Low,Standard monitoring,0
336,16,15,15,16,0,High Performer,High,Medium,Attendance counseling + parent contact,1
337,14,13,13,12,1,Average,Average,Low,Standard monitoring,0
338,7,8,0,0,0,Average,At-Risk,Medium,Health & wellbeing referral,1
339,16,15,17,7,0,High Performer,High,Medium,Health & wellbeing referral,1
340,9,10,10,4,0,Average,Average,Medium,Health & wellbeing referral,1
341,11,12,11,4,1,Average,Average,Low,Standard monitoring,0
342,10,10,0,0,1,High Performer,At-Risk,Medium,Health & wellbeing referral,1
343,16,15,15,11,0,High Performer,High,Low,Standard monitoring,0
344,9,8,0,0,1,Average,At-Risk,Low,Standard monitoring,0
345,11,10,10,4,0,Average,Average,Low,Standard monitoring,0
346,13,13,14,7,0,High Performer,Average,Medium,Health & wellbeing referral,1
347,16,15,16,9,0,High Performer,High,Low,Standard monitoring,0
348,10,10,9,0,0,High Performer,At-Risk,Low,Standard monitoring,0
349,13,15,15,0,0,High Performer,High,Low,Standard monitoring,0
350,11,13,13,10,1,At-Risk,Average,High,Priority academic counseling | Study skills workshop | Wellness & substance awareness program,2
351,8,7,8,8,3,At-Risk,At-Risk,High,Priority academic counseling | Remedial tutoring program | Health & wellbeing referral | Family engagement program,3
352,13,13,13,2,0,High Performer,Average,Low,Standard monitoring,0
353,8,7,8,7,1,At-Risk,At-Risk,High,Priority academic counseling | Study skills workshop,1
354,8,8,8,4,1,At-Risk,At-Risk,High,Priority academic counseling | Study skills workshop | Family engagement program,2
355,13,11,11,4,0,High Performer,Average,Medium,Health & wellbeing referral,1
356,10,9,9,0,0,Average,At-Risk,Low,Standard monitoring,0
357,12,13,13,4,0,High Performer,Average,Low,Standard monitoring,0
358,12,12,11,2,0,Average,Average,Low,Standard monitoring,0
359,10,10,10,4,0,Average,Average,Medium,Study skills workshop | Family engagement program,2
360,18,16,16,0,0,Average,High,Medium,Family engagement program,1
361,13,13,13,0,0,Average,Average,Medium,Wellness & substance awareness program,1
362,13,12,12,2,1,At-Risk,Average,High,Priority academic counseling | Family engagement program,1
363,11,11,10,0,0,High Performer,Average,Low,Standard monitoring,0
364,16,15,15,0,0,High Performer,High,Medium,Health & wellbeing referral,1
365,12,11,12,0,0,Average,Average,Low,Standard monitoring,0
366,10,10,10,4,0,Average,Average,Medium,Wellness & substance awareness program,1
367,13,13,13,0,0,High Performer,Average,Low,Standard monitoring,0
368,7,6,0,0,1,Average,At-Risk,High,Study skills workshop | Early exam preparation support | Health & wellbeing referral | Family engagement program,4
369,11,10,10,0,0,Average,Average,Medium,Study skills workshop,1
370,14,12,11,10,0,High Performer,Average,Medium,Wellness & substance awareness program,1
371,7,7,9,4,2,Average,At-Risk,Medium,Remedial tutoring program | Early exam preparation support,2
372,14,12,12,3,0,At-Risk,Average,High,Priority academic counseling | Study skills workshop,1
373,13,11,11,8,0,Average,Average,Low,Standard monitoring,0
374,6,5,5,14,0,At-Risk,At-Risk,High,Priority academic counseling | Study skills workshop | Early exam preparation support | Health & wellbeing referral,3
375,19,18,19,0,0,High Performer,High,Medium,Health & wellbeing referral,1
376,8,8,10,2,0,Average,Average,Medium,Family engagement program,1
377,15,14,15,4,2,High Performer,High,Medium,Remedial tutoring program,1
378,8,9,10,4,0,At-Risk,Average,High,Priority academic counseling | Wellness & substance awareness program | Health & wellbeing referral,2
379,15,15,15,0,0,High Performer,High,Medium,Health & wellbeing referral,1
380,10,10,10,17,0,At-Risk,Average,High,Priority academic counseling | Attendance counseling + parent contact | Health & wellbeing referral,2
381,15,14,14,4,0,High Performer,Average,Medium,Wellness & substance awareness program | Health & wellbeing referral,2
382,7,6,7,5,0,At-Risk,At-Risk,High,Priority academic counseling | Study skills workshop | Early exam preparation support,2
383,11,11,10,2,0,Average,Average,Low,Standard monitoring,0
384,6,5,0,0,1,Average,At-Risk,High,Study skills workshop | Early exam preparation support | Family engagement program,3
385,6,5,5,14,1,At-Risk,At-Risk,High,Priority academic counseling | Study skills workshop | Wellness & substance awareness program | Early exam preparation support,3
386,10,9,10,2,0,Average,Average,Low,Standard monitoring,0
387,6,5,6,7,0,At-Risk,At-Risk,High,Priority academic counseling | Study skills workshop | Early exam preparation support,2
388,7,5,0,0,1,Average,At-Risk,Medium,Early exam preparation support,1
389,7,9,8,0,0,Average,At-Risk,Medium,Health & wellbeing referral,1
390,6,5,0,0,1,Average,At-Risk,Medium,Early exam preparation support | Family engagement program,2
391,9,9,9,11,2,At-Risk,At-Risk,High,Priority academic counseling | Remedial tutoring program | Wellness & substance awareness program,2
392,14,16,16,3,0,At-Risk,High,High,Priority academic counseling | Study skills workshop | Wellness & substance awareness program | Health & wellbeing referral,3
393,10,8,7,3,3,At-Risk,At-Risk,High,Priority academic counseling | Remedial tutoring program | Study skills workshop | Family engagement program,3
394,11,12,10,0,0,At-Risk,Average,High,Priority academic counseling | Study skills workshop | Wellness & substance awareness program,2
395,8,9,9,5,0,At-Risk,At-Risk,High,Priority academic counseling | Study skills workshop | Family engagement program,2
396,0,11,11,4,0,Average,Average,Low,Standard monitoring,0
397,9,11,11,2,0,Average,Average,Medium,Family engagement program,1
398,12,13,12,6,0,Average,Average,Medium,Family engagement program,1
399,14,14,14,0,0,High Performer,Average,Low,Standard monitoring,0
400,11,13,13,0,0,Average,Average,Low,Standard monitoring,0
401,12,12,13,6,0,High Performer,Average,Low,Standard monitoring,0
402,13,12,13,0,0,Average,Average,Low,Standard monitoring,0
403,10,13,13,2,0,High Performer,Average,Medium,Health & wellbeing referral,1
404,15,16,17,0,0,High Performer,High,Medium,Health & wellbeing referral,1
405,12,12,13,0,0,High Performer,Average,Low,Standard monitoring,0
406,14,14,14,2,0,High Performer,Average,Medium,Health & wellbeing referral,1
407,10,12,13,0,0,Average,Average,Low,Standard monitoring,0
408,12,13,12,0,0,High Performer,Average,Medium,Study skills workshop,1
409,12,12,13,0,0,High Performer,Average,Low,Standard monitoring,0
410,14,14,15,0,0,High Performer,High,Low,Standard monitoring,0
411,17,17,17,6,0,High Performer,High,Medium,Study skills workshop | Health & wellbeing referral,2
412,13,13,14,10,0,High Performer,Average,Medium,Health & wellbeing referral,1
413,13,14,14,2,0,High Performer,Average,Low,Standard monitoring,0
414,8,8,7,2,3,At-Risk,At-Risk,High,Priority academic counseling | Remedial tutoring program | Study skills workshop | Wellness & substance awareness program,3
415,12,12,12,6,0,High Performer,Average,Medium,Study skills workshop,1
416,12,13,14,0,0,High Performer,Average,Medium,Health & wellbeing referral,1
417,11,12,12,0,0,High Performer,Average,Medium,Study skills workshop,1
418,12,13,14,0,0,High Performer,Average,Low,Standard monitoring,0
419,10,10,10,2,0,At-Risk,Average,High,Priority academic counseling | Wellness & substance awareness program,1
420,10,11,10,2,0,High Performer,Average,Low,Standard monitoring,0
421,10,11,12,6,0,Average,Average,Medium,Study skills workshop,1
422,11,12,12,8,0,Average,Average,Medium,Study skills workshop,1
423,11,11,11,0,0,High Performer,Average,High,Study skills workshop | Wellness & substance awareness program | Health & wellbeing referral,3
424,12,12,13,2,0,High Performer,Average,Low,Standard monitoring,0
425,12,11,12,4,0,At-Risk,Average,High,Priority academic counseling | Wellness & substance awareness program,1
426,10,11,11,0,0,High Performer,Average,Medium,Wellness & substance awareness program,1
427,15,15,15,2,0,High Performer,High,Low,Standard monitoring,0
428,13,14,15,0,0,High Performer,High,Low,Standard monitoring,0
429,13,12,12,0,0,High Performer,Average,Medium,Health & wellbeing referral,1
430,12,12,12,4,0,High Performer,Average,Medium,Study skills workshop,1
431,11,11,11,4,0,Average,Average,Medium,Study skills workshop,1
432,14,14,14,0,0,High Performer,Average,Low,Standard monitoring,0
433,13,13,13,4,0,High Performer,Average,Low,Standard monitoring,0
434,11,12,12,2,0,High Performer,Average,Low,Standard monitoring,0
435,14,13,12,8,0,Average,Average,Medium,Study skills workshop | Health & wellbeing referral,2
436,11,11,10,16,0,Average,Average,Medium,Attendance counseling + parent contact,1
437,10,11,11,8,0,High Performer,Average,Medium,Study skills workshop | Wellness & substance awareness program,2
438,14,15,15,0,0,High Performer,High,Low,Standard monitoring,0
439,9,10,10,0,0,Average,Average,Medium,Study skills workshop | Health & wellbeing referral,2
440,10,11,11,14,1,Average,Average,Low,Standard monitoring,0
441,10,11,11,4,0,High Performer,Average,Low,Standard monitoring,0
442,13,12,13,6,0,High Performer,Average,Medium,Wellness & substance awareness program,1
443,17,17,17,2,0,High Performer,High,Medium,Health & wellbeing referral,1
444,11,12,13,4,0,Average,Average,Low,Standard monitoring,0
445,13,12,12,2,0,High Performer,Average,Low,Standard monitoring,0
446,14,13,13,0,0,High Performer,Average,Low,Standard monitoring,0
447,16,14,16,0,0,High Performer,High,Low,Standard monitoring,0
448,10,9,9,4,0,At-Risk,At-Risk,High,Priority academic counseling | Study skills workshop | Wellness & substance awareness program,2
449,13,12,12,0,0,High Performer,Average,Medium,Study skills workshop,1
450,13,12,13,0,0,High Performer,Average,High,Study skills workshop | Wellness & substance awareness program | Health & wellbeing referral,3
451,12,13,12,2,0,Average,Average,Medium,Health & wellbeing referral,1
452,15,14,15,0,0,High Performer,High,Medium,Health & wellbeing referral,1
453,15,15,16,8,0,High Performer,High,Low,Standard monitoring,0
454,14,13,14,0,0,Average,Average,Low,Standard monitoring,0
455,16,15,16,2,0,High Performer,High,Low,Standard monitoring,0
456,17,16,16,0,0,High Performer,High,Low,Standard monitoring,0
457,10,10,16,0,0,At-Risk,High,High,Priority academic counseling | Study skills workshop | Wellness & substance awareness program | Family engagement program,3
458,13,13,10,0,0,Average,Average,Medium,Health & wellbeing referral,1
459,14,13,13,0,0,High Performer,Average,Medium,Wellness & substance awareness program,1
460,13,12,12,0,0,High Performer,Average,Medium,Wellness & substance awareness program | Health & wellbeing referral,2
461,16,15,16,2,0,High Performer,High,Medium,Health & wellbeing referral,1
462,11,12,12,0,0,High Performer,Average,Medium,Wellness & substance awareness program,1
463,10,9,10,0,0,Average,Average,Low,Standard monitoring,0
464,11,10,11,0,0,Average,Average,Low,Standard monitoring,0
465,15,15,15,6,0,High Performer,High,Low,Standard monitoring,0
466,13,11,11,2,0,Average,Average,Low,Standard monitoring,0
467,11,9,10,0,0,High Performer,Average,Low,Standard monitoring,0
468,13,11,11,2,0,Average,Average,Medium,Wellness & substance awareness program | Family engagement program,2
469,13,13,14,0,0,Average,Average,Medium,Study skills workshop,1
470,11,11,11,4,0,High Performer,Average,Medium,Wellness & substance awareness program,1
471,11,11,11,0,0,High Performer,Average,Low,Standard monitoring,0
472,12,11,11,0,0,Average,Average,Medium,Health & wellbeing referral,1
473,13,13,13,1,0,Average,Average,Low,Standard monitoring,0
474,9,9,10,0,3,At-Risk,Average,High,Priority academic counseling | Remedial tutoring program | Study skills workshop,2
475,12,11,11,14,0,High Performer,Average,Low,Standard monitoring,0
476,11,11,12,0,0,Average,Average,Medium,Study skills workshop,1
477,10,9,9,2,0,Average,At-Risk,Low,Standard monitoring,0
478,12,11,11,4,0,High Performer,Average,Low,Standard monitoring,0
479,13,12,13,2,0,Average,Average,Low,Standard monitoring,0
480,13,12,12,2,0,Average,Average,Medium,Family engagement program,1
481,12,11,12,4,0,High Performer,Average,Low,Standard monitoring,0
482,13,11,11,6,0,Average,Average,Medium,Health & wellbeing referral,1
483,15,15,15,4,0,High Performer,High,Medium,Health & wellbeing referral,1
484,12,10,11,6,0,Average,Average,Low,Standard monitoring,0
485,9,9,10,6,0,At-Risk,Average,High,Priority academic counseling | Wellness & substance awareness program,1
486,9,11,11,2,0,High Performer,Average,Low,Standard monitoring,0
487,14,13,13,6,0,High Performer,Average,Medium,Study skills workshop | Health & wellbeing referral,2
488,12,13,12,0,0,Average,Average,Medium,Health & wellbeing referral,1
489,13,14,14,2,0,High Performer,Average,Medium,Health & wellbeing referral,1
490,11,12,12,2,0,Average,Average,Low,Standard monitoring,0
491,13,13,13,4,0,Average,Average,Medium,Health & wellbeing referral | Family engagement program,2
492,9,11,11,6,0,High Performer,Average,Medium,Study skills workshop,1
493,13,12,12,0,0,Average,Average,Low,Standard monitoring,0
494,12,13,13,4,0,High Performer,Average,Medium,Study skills workshop | Health & wellbeing referral,2
495,12,13,13,2,0,High Performer,Average,Low,Standard monitoring,0
496,9,9,8,12,0,At-Risk,At-Risk,High,Priority academic counseling | Study skills workshop | Wellness & substance awareness program,2
497,16,16,16,0,0,High Performer,High,Low,Standard monitoring,0
498,12,13,12,2,0,High Performer,Average,Medium,Study skills workshop,1
499,11,10,10,16,0,High Performer,Average,Medium,Attendance counseling + parent contact | Health & wellbeing referral,2
500,16,16,16,0,0,High Performer,High,Medium,Health & wellbeing referral,1
501,10,10,10,10,0,Average,Average,Low,Standard monitoring,0
502,10,10,10,4,0,Average,Average,Low,Standard monitoring,0
503,13,14,14,4,0,High Performer,Average,Low,Standard monitoring,0
504,12,10,11,8,0,High Performer,Average,Medium,Wellness & substance awareness program | Health & wellbeing referral,2
505,15,15,14,2,0,High Performer,Average,Low,Standard monitoring,0
506,13,14,14,4,0,High Performer,Average,Medium,Study skills workshop,1
507,11,11,11,4,0,High Performer,Average,Medium,Health & wellbeing referral,1
508,8,10,10,12,1,Average,Average,Low,Standard monitoring,0
509,18,17,18,10,0,High Performer,High,Medium,Study skills workshop,1
510,10,9,10,4,0,Average,Average,Low,Standard monitoring,0
511,16,14,14,6,0,High Performer,Average,Low,Standard monitoring,0
512,16,15,16,4,0,High Performer,High,Medium,Health & wellbeing referral,1
513,14,14,15,6,0,High Performer,High,Medium,Study skills workshop,1
514,12,11,11,14,1,At-Risk,Average,High,Priority academic counseling | Wellness & substance awareness program,1
515,14,13,14,2,0,High Performer,Average,Medium,Study skills workshop,1
516,14,14,14,0,0,Average,Average,Medium,Health & wellbeing referral,1
517,14,13,13,6,0,High Performer,Average,Low,Standard monitoring,0
518,14,12,13,2,0,High Performer,Average,Low,Standard monitoring,0
519,12,13,13,4,0,High Performer,Average,Medium,Study skills workshop | Wellness & substance awareness program,2
520,12,11,11,0,0,Average,Average,Low,Standard monitoring,0
521,9,9,9,2,0,At-Risk,At-Risk,High,Priority academic counseling | Study skills workshop,1
522,10,11,11,0,0,High Performer,Average,Medium,Health & wellbeing referral,1
523,9,10,11,0,2,Average,Average,Medium,Remedial tutoring program | Family engagement program,2
524,14,14,15,8,0,High Performer,High,Medium,Study skills workshop | Wellness & substance awareness program,2
525,13,12,13,4,0,High Performer,Average,Medium,Health & wellbeing referral,1
526,10,11,12,0,0,High Performer,Average,Low,Standard monitoring,0
527,10,9,8,10,3,At-Risk,At-Risk,High,Priority academic counseling | Remedial tutoring program,1
528,11,10,11,8,0,Average,Average,Medium,Study skills workshop,1
529,11,12,13,6,0,Average,Average,Medium,Study skills workshop | Family engagement program,2
530,13,12,12,2,0,Average,Average,Medium,Study skills workshop,1
531,15,13,14,12,0,High Performer,Average,Medium,Study skills workshop | Wellness & substance awareness program,2
532,9,9,11,4,0,Average,Average,Medium,Study skills workshop | Health & wellbeing referral,2
533,13,11,11,12,1,Average,Average,Medium,Study skills workshop,1
534,12,11,11,2,0,High Performer,Average,Low,Standard monitoring,0
535,13,14,15,4,0,High Performer,High,Low,Standard monitoring,0
536,10,9,10,2,0,At-Risk,Average,High,Priority academic counseling | Wellness & substance awareness program,1
537,14,13,13,0,0,Average,Average,Medium,Family engagement program,1
538,11,11,12,2,0,At-Risk,Average,High,Priority academic counseling | Study skills workshop | Wellness & substance awareness program,2
539,12,11,11,10,0,At-Risk,Average,High,Priority academic counseling | Wellness & substance awareness program,1
540,12,11,11,8,0,Average,Average,High,Study skills workshop | Health & wellbeing referral | Family engagement program,3
541,9,9,10,4,0,Average,Average,Medium,Study skills workshop,1
542,10,10,10,0,2,Average,Average,Medium,Remedial tutoring program | Family engagement program,2
543,13,14,14,6,0,High Performer,Average,Medium,Study skills workshop,1
544,8,9,9,2,1,Average,At-Risk,High,Study skills workshop | Health & wellbeing referral | Family engagement program,3
545,9,11,11,6,0,High Performer,Average,Low,Standard monitoring,0
546,9,8,9,24,0,Average,At-Risk,Medium,Attendance counseling + parent contact | Health & wellbeing referral,2
547,15,13,13,0,0,High Performer,Average,Low,Standard monitoring,0
548,12,11,11,4,0,Average,Average,Medium,Study skills workshop | Health & wellbeing referral,2
549,13,13,13,2,0,High Performer,Average,Low,Standard monitoring,0
550,10,11,11,4,0,At-Risk,Average,High,Priority academic counseling | Study skills workshop | Health & wellbeing referral | Family engagement program,3
551,9,7,6,22,0,At-Risk,At-Risk,High,Priority academic counseling | Attendance counseling + parent contact | Study skills workshop,2
552,12,12,12,0,0,Average,Average,Medium,Family engagement program,1
553,11,10,10,0,0,Average,Average,Medium,Study skills workshop,1
554,11,11,11,2,1,Average,Average,Low,Standard monitoring,0
555,13,12,13,6,0,Average,Average,Low,Standard monitoring,0
556,11,11,11,6,0,Average,Average,Medium,Wellness & substance awareness program | Health & wellbeing referral,2
557,9,9,8,16,0,At-Risk,At-Risk,High,Priority academic counseling | Attendance counseling + parent contact | Study skills workshop,2
558,12,11,11,0,0,At-Risk,Average,High,Priority academic counseling | Study skills workshop | Wellness & substance awareness program,2
559,11,9,0,0,2,At-Risk,At-Risk,High,Priority academic counseling | Remedial tutoring program | Study skills workshop | Wellness & substance awareness program | Family engagement program,4
560,9,10,10,6,1,At-Risk,Average,High,Priority academic counseling | Study skills workshop | Wellness & substance awareness program,2
561,13,13,13,2,0,High Performer,Average,Low,Standard monitoring,0
562,11,9,11,6,0,At-Risk,Average,High,Priority academic counseling | Study skills workshop,1
563,13,13,13,0,0,High Performer,Average,Medium,Study skills workshop,1
564,7,8,8,0,0,Average,At-Risk,Medium,Health & wellbeing referral,1
565,9,8,10,14,3,At-Risk,Average,High,Priority academic counseling | Remedial tutoring program | Study skills workshop,2
566,11,10,11,6,3,At-Risk,Average,High,Priority academic counseling | Remedial tutoring program | Study skills workshop | Wellness & substance awareness program | Family engagement program,4
567,12,10,11,4,0,Average,Average,Medium,Study skills workshop,1
568,10,10,1,0,1,At-Risk,At-Risk,High,Priority academic counseling | Wellness & substance awareness program,1
569,9,8,10,0,2,At-Risk,Average,High,Priority academic counseling | Remedial tutoring program | Study skills workshop | Wellness & substance awareness program,3
570,8,8,9,8,1,At-Risk,At-Risk,High,Priority academic counseling | Study skills workshop,1
571,7,6,8,4,2,At-Risk,At-Risk,High,Priority academic counseling | Remedial tutoring program | Wellness & substance awareness program | Early exam preparation support,3
572,8,9,10,2,0,At-Risk,Average,High,Priority academic counseling | Study skills workshop | Wellness & substance awareness program,2
573,9,8,8,2,1,At-Risk,At-Risk,High,Priority academic counseling | Study skills workshop | Wellness & substance awareness program | Health & wellbeing referral,3
574,8,8,8,0,0,At-Risk,At-Risk,High,Priority academic counseling | Wellness & substance awareness program | Family engagement program,2
575,8,7,8,10,3,At-Risk,At-Risk,High,Priority academic counseling | Remedial tutoring program | Study skills workshop | Health & wellbeing referral,3
576,9,10,11,0,0,At-Risk,Average,High,Priority academic counseling | Wellness & substance awareness program,1
577,17,17,18,0,0,High Performer,High,Low,Standard monitoring,0
578,12,12,13,0,0,Average,Average,Low,Standard monitoring,0
579,16,16,17,0,0,High Performer,High,Low,Standard monitoring,0
580,9,9,10,4,1,At-Risk,Average,High,Priority academic counseling | Study skills workshop | Wellness & substance awareness program | Health & wellbeing referral,3
581,16,17,18,0,0,Average,High,Medium,Family engagement program,1
582,11,9,10,0,0,High Performer,Average,Low,Standard monitoring,0
583,14,13,13,0,0,High Performer,Average,Low,Standard monitoring,0
584,14,14,15,0,0,High Performer,High,Low,Standard monitoring,0
585,10,11,11,0,0,At-Risk,Average,High,Priority academic counseling | Wellness & substance awareness program,1
586,13,12,14,0,0,High Performer,Average,Medium,Wellness & substance awareness program,1
587,11,9,10,4,0,High Performer,Average,Medium,Wellness & substance awareness program,1
588,10,9,11,8,0,At-Risk,Average,High,Priority academic counseling | Study skills workshop | Wellness & substance awareness program,2
589,11,11,13,4,0,High Performer,Average,Medium,Health & wellbeing referral,1
590,11,10,11,4,0,High Performer,Average,Low,Standard monitoring,0
591,11,12,13,0,0,High Performer,Average,Low,Standard monitoring,0
592,17,18,17,0,0,High Performer,High,Low,Standard monitoring,0
593,14,13,14,32,0,High Performer,Average,Medium,Attendance counseling + parent contact | Health & wellbeing referral,2
594,14,15,16,8,0,High Performer,High,Medium,Health & wellbeing referral,1
595,11,13,14,6,0,High Performer,Average,Low,Standard monitoring,0
596,10,9,11,0,0,Average,Average,Medium,Study skills workshop,1
597,13,14,16,0,0,Average,High,Low,Standard monitoring,0
598,12,13,14,10,0,High Performer,Average,Low,Standard monitoring,0
599,9,9,10,6,0,Average,Average,Medium,Wellness & substance awareness program,1
600,12,12,13,6,0,High Performer,Average,Medium,Health & wellbeing referral,1
601,12,11,12,0,0,Average,Average,Medium,Family engagement program,1
602,10,11,12,16,0,At-Risk,Average,High,Priority academic counseling | Attendance counseling + parent contact | Wellness & substance awareness program,2
603,11,10,10,0,0,At-Risk,Average,High,Priority academic counseling | Study skills workshop | Wellness & substance awareness program,2
604,13,12,12,0,0,High Performer,Average,Medium,Study skills workshop,1
605,14,15,16,8,0,High Performer,High,Low,Standard monitoring,0
606,13,13,14,4,0,High Performer,Average,Medium,Study skills workshop,1
607,10,11,12,16,0,At-Risk,Average,High,Priority academic counseling | Attendance counseling + parent contact | Study skills workshop | Wellness & substance awareness program,3
608,14,15,16,30,1,High Performer,High,High,Attendance counseling + parent contact | Study skills workshop | Health & wellbeing referral,3
609,11,10,11,0,0,High Performer,Average,Low,Standard monitoring,0
610,14,14,15,2,0,High Performer,High,Medium,Wellness & substance awareness program | Health & wellbeing referral,2
611,11,12,12,4,0,Average,Average,Low,Standard monitoring,0
612,14,15,15,0,0,Average,High,Medium,Health & wellbeing referral | Family engagement program,2
613,13,13,13,21,0,Average,Average,Medium,Attendance counseling + parent contact | Study skills workshop,2
614,13,13,13,6,0,High Performer,Average,Low,Standard monitoring,0
615,8,9,8,14,1,At-Risk,At-Risk,High,Priority academic counseling | Wellness & substance awareness program,1
616,11,11,12,2,0,Average,Average,Low,Standard monitoring,0
617,14,15,15,4,0,High Performer,High,Medium,Health & wellbeing referral,1
618,12,13,13,2,0,Average,Average,High,Study skills workshop | Wellness & substance awareness program | Family engagement program,3
619,11,12,12,0,0,High Performer,Average,Low,Standard monitoring,0
620,12,12,12,4,0,High Performer,Average,Low,Standard monitoring,0
621,13,12,12,15,0,At-Risk,Average,High,Priority academic counseling | Wellness & substance awareness program,1
622,13,13,13,0,0,Average,Average,Low,Standard monitoring,0
623,12,11,11,10,0,At-Risk,Average,High,Priority academic counseling | Wellness & substance awareness program,1
624,12,11,11,6,0,High Performer,Average,Medium,Study skills workshop,1
625,14,16,15,2,0,High Performer,High,Medium,Health & wellbeing referral,1
626,11,9,10,16,0,At-Risk,Average,High,Priority academic counseling | Attendance counseling + parent contact | Wellness & substance awareness program | Health & wellbeing referral,3
627,10,10,10,10,0,At-Risk,Average,High,Priority academic counseling | Wellness & substance awareness program,1
628,12,13,13,4,0,Average,Average,Medium,Study skills workshop | Wellness & substance awareness program,2
629,12,12,13,0,0,Average,Average,Low,Standard monitoring,0
630,11,10,11,0,0,Average,Average,Low,Standard monitoring,0
631,12,12,12,12,0,Average,Average,Medium,Family engagement program,1
632,13,13,14,0,0,High Performer,Average,Low,Standard monitoring,0
633,10,9,10,9,3,At-Risk,Average,High,Priority academic counseling | Remedial tutoring program | Wellness & substance awareness program,2
634,15,16,16,4,0,High Performer,High,Low,Standard monitoring,0
635,8,8,8,4,0,Average,At-Risk,Low,Standard monitoring,0
636,17,18,17,2,0,High Performer,High,Low,Standard monitoring,0
637,10,11,11,0,0,Average,Average,Low,Standard monitoring,0
638,9,10,11,2,0,At-Risk,Average,High,Priority academic counseling | Wellness & substance awareness program,1
639,15,15,16,0,0,Average,High,Low,Standard monitoring,0
640,14,12,12,0,0,High Performer,Average,Low,Standard monitoring,0
641,12,13,13,0,0,Average,Average,Medium,Health & wellbeing referral,1
642,13,13,13,0,0,High Performer,Average,Medium,Health & wellbeing referral,1
643,13,13,14,0,0,High Performer,Average,Medium,Wellness & substance awareness program | Health & wellbeing referral,2
644,9,9,9,2,0,Average,At-Risk,Medium,Family engagement program,1
645,12,12,12,0,0,High Performer,Average,Medium,Health & wellbeing referral,1
646,16,16,16,0,0,At-Risk,High,High,Priority academic counseling | Wellness & substance awareness program,1
647,9,10,10,4,0,Average,Average,Medium,Study skills workshop,1
648,14,13,13,0,0,High Performer,Average,Low,Standard monitoring,0
649,10,10,10,18,1,Average,Average,Medium,Attendance counseling + parent contact,1
650,9,8,10,16,1,Average,Average,Medium,Attendance counseling + parent contact,1
651,8,7,7,14,1,Average,At-Risk,Medium,Study skills workshop,1
652,7,8,8,26,1,At-Risk,At-Risk,High,Priority academic counseling | Attendance counseling + parent contact | Study skills workshop | Health & wellbeing referral,3
653,10,8,9,6,0,High Performer,At-Risk,Medium,Study skills workshop,1
654,14,14,15,4,0,Average,High,Low,Standard monitoring,0
655,11,10,10,10,0,Average,Average,Medium,Family engagement program,1
656,12,11,11,4,0,At-Risk,Average,High,Priority academic counseling | Study skills workshop,1
657,13,13,13,2,0,Average,Average,Low,Standard monitoring,0
658,9,9,8,14,1,At-Risk,At-Risk,High,Priority academic counseling | Study skills workshop,1
659,8,7,8,16,0,At-Risk,At-Risk,High,Priority academic counseling | Attendance counseling + parent contact | Wellness & substance awareness program | Health & wellbeing referral,3
660,11,9,10,8,1,Average,Average,Medium,Study skills workshop | Health & wellbeing referral,2
661,15,14,15,4,0,Average,High,Medium,Family engagement program,1
662,15,14,14,4,0,High Performer,Average,Low,Standard monitoring,0
663,15,15,15,8,0,High Performer,High,Medium,Wellness & substance awareness program,1
664,12,12,12,0,0,High Performer,Average,Low,Standard monitoring,0
665,14,14,15,7,0,High Performer,High,Medium,Study skills workshop,1
666,14,15,15,4,0,High Performer,High,Medium,Study skills workshop,1
667,11,11,12,2,0,High Performer,Average,Medium,Wellness & substance awareness program,1
668,13,14,15,2,0,Average,High,Medium,Health & wellbeing referral | Family engagement program,2
669,11,11,11,10,0,High Performer,Average,Low,Standard monitoring,0
670,10,9,10,10,0,Average,Average,Medium,Family engagement program,1
671,12,10,11,10,0,Average,Average,Low,Standard monitoring,0
672,15,16,16,7,0,Average,High,Medium,Study skills workshop,1
673,11,10,11,4,0,Average,Average,Medium,Family engagement program,1
674,9,12,13,2,0,Average,Average,Medium,Study skills workshop | Health & wellbeing referral,2
675,7,8,5,12,3,At-Risk,At-Risk,High,Priority academic counseling | Remedial tutoring program | Study skills workshop | Wellness & substance awareness program | Health & wellbeing referral,4
676,10,9,10,8,0,High Performer,Average,Low,Standard monitoring,0
677,11,12,11,0,0,Average,Average,Medium,Study skills workshop | Wellness & substance awareness program,2
678,7,8,7,8,0,At-Risk,At-Risk,High,Priority academic counseling | Study skills workshop | Wellness & substance awareness program,2
679,9,11,10,4,1,High Performer,Average,Medium,Health & wellbeing referral,1
680,7,8,6,4,2,At-Risk,At-Risk,High,Priority academic counseling | Remedial tutoring program | Study skills workshop | Wellness & substance awareness program,3
681,14,13,12,2,0,Average,Average,Medium,Study skills workshop,1
682,12,12,13,0,0,Average,Average,Medium,Study skills workshop | Wellness & substance awareness program,2
683,9,10,10,0,1,Average,Average,Medium,Study skills workshop | Family engagement program,2
684,12,12,13,2,0,Average,Average,Low,Standard monitoring,0
685,14,15,17,2,0,High Performer,High,Low,Standard monitoring,0
686,10,10,11,0,0,Average,Average,Low,Standard monitoring,0
687,11,10,11,4,1,At-Risk,Average,High,Priority academic counseling | Wellness & substance awareness program,1
688,11,12,14,2,0,High Performer,Average,Low,Standard monitoring,0
689,11,12,14,4,0,Average,Average,Medium,Family engagement program,1
690,11,11,13,4,0,Average,Average,Low,Standard monitoring,0
691,11,13,14,4,0,High Performer,Average,Medium,Health & wellbeing referral,1
692,16,16,16,2,0,Average,High,Low,Standard monitoring,0
693,9,10,10,0,0,Average,Average,Medium,Study skills workshop,1
694,10,11,12,2,0,Average,Average,Medium,Health & wellbeing referral,1
695,10,12,12,8,0,Average,Average,Medium,Health & wellbeing referral,1
696,15,15,15,2,0,High Performer,High,Medium,Health & wellbeing referral,1
697,10,10,11,2,0,High Performer,Average,Low,Standard monitoring,0
698,10,11,12,2,0,Average,Average,Low,Standard monitoring,0
699,15,12,13,2,0,High Performer,Average,Low,Standard monitoring,0
700,11,12,13,0,0,Average,Average,Low,Standard monitoring,0
701,8,8,9,8,0,At-Risk,At-Risk,High,Priority academic counseling | Study skills workshop,1
702,15,16,16,6,0,High Performer,High,Medium,Wellness & substance awareness program | Health & wellbeing referral,2
703,11,11,14,0,0,At-Risk,Average,High,Priority academic counseling | Wellness & substance awareness program,1
704,10,11,12,8,0,High Performer,Average,Low,Standard monitoring,0
705,10,12,14,4,0,High Performer,Average,Low,Standard monitoring,0
706,8,9,10,12,0,At-Risk,Average,High,Priority academic counseling,0
707,11,12,12,16,0,At-Risk,Average,High,Priority academic counseling | Attendance counseling + parent contact,1
708,16,16,16,10,0,High Performer,High,Medium,Health & wellbeing referral,1
709,13,13,13,2,0,Average,Average,Medium,Family engagement program,1
710,16,17,18,2,0,Average,High,Medium,Health & wellbeing referral,1
711,14,14,15,8,0,Average,High,Medium,Health & wellbeing referral,1
712,15,16,16,6,0,High Performer,High,Medium,Health & wellbeing referral,1
713,12,12,12,6,0,At-Risk,Average,High,Priority academic counseling,0
714,12,9,10,15,0,Average,Average,Low,Standard monitoring,0
715,11,12,12,6,0,High Performer,Average,Medium,Study skills workshop | Wellness & substance awareness program,2
716,14,12,13,2,1,High Performer,Average,Low,Standard monitoring,0
717,13,15,15,8,0,Average,High,Medium,Health & wellbeing referral,1
718,9,8,10,0,1,At-Risk,Average,High,Priority academic counseling | Wellness & substance awareness program,1
719,10,10,10,0,0,High Performer,Average,Medium,Study skills workshop | Health & wellbeing referral,2
720,10,10,11,10,0,At-Risk,Average,High,Priority academic counseling | Study skills workshop | Wellness & substance awareness program,2
721,11,11,10,22,0,At-Risk,Average,High,Priority academic counseling | Attendance counseling + parent contact | Study skills workshop | Wellness & substance awareness program,3
722,13,13,13,18,0,At-Risk,Average,High,Priority academic counseling | Attendance counseling + parent contact | Study skills workshop | Wellness & substance awareness program,3
723,17,17,18,2,0,Average,High,Medium,Family engagement program,1
724,12,13,13,0,0,Average,Average,Medium,Family engagement program,1
725,12,12,14,12,0,Average,Average,Low,Standard monitoring,0
726,12,13,14,10,0,Average,Average,Low,Standard monitoring,0
727,12,12,12,0,0,Average,Average,Medium,Family engagement program,1
728,18,18,18,0,0,High Performer,High,Medium,Health & wellbeing referral,1
729,13,13,14,0,0,Average,Average,Medium,Family engagement program,1
730,14,15,15,0,0,Average,High,Medium,Health & wellbeing referral,1
731,17,17,17,0,0,High Performer,High,Medium,Health & wellbeing referral,1
732,15,16,16,2,0,High Performer,High,Medium,Wellness & substance awareness program,1
733,17,18,18,0,0,High Performer,High,Low,Standard monitoring,0
734,18,19,19,0,0,Average,High,Low,Standard monitoring,0
735,14,15,15,0,0,High Performer,High,Low,Standard monitoring,0
736,14,15,15,0,0,High Performer,High,Medium,Study skills workshop,1
737,14,13,13,2,0,High Performer,Average,Medium,Health & wellbeing referral,1
738,13,14,14,0,0,High Performer,Average,Medium,Health & wellbeing referral,1
739,16,17,17,0,0,High Performer,High,Low,Standard monitoring,0
740,18,18,17,0,0,High Performer,High,Medium,Study skills workshop | Health & wellbeing referral,2
741,14,15,15,0,0,High Performer,High,Low,Standard monitoring,0
742,12,13,13,0,0,High Performer,Average,Medium,Study skills workshop,1
743,7,7,8,0,0,High Performer,At-Risk,Medium,Early exam preparation support,1
744,16,16,16,0,0,High Performer,High,Low,Standard monitoring,0
745,18,18,18,0,0,High Performer,High,Low,Standard monitoring,0
746,9,10,11,0,1,Average,Average,Low,Standard monitoring,0
747,14,15,15,0,2,Average,High,Medium,Remedial tutoring program | Study skills workshop,2
748,10,10,11,0,0,Average,Average,Low,Standard monitoring,0
749,10,10,11,2,0,Average,Average,Low,Standard monitoring,0
750,12,12,15,2,0,Average,High,Medium,Health & wellbeing referral,1
751,11,12,14,2,0,Average,Average,Low,Standard monitoring,0
752,15,16,17,2,0,High Performer,High,Medium,Study skills workshop,1
753,14,15,17,2,0,High Performer,High,Low,Standard monitoring,0
754,12,12,15,8,0,High Performer,High,High,Study skills workshop | Wellness & substance awareness program | Health & wellbeing referral,3
755,15,15,17,2,0,High Performer,High,Medium,Wellness & substance awareness program,1
756,11,12,14,8,0,High Performer,Average,Low,Standard monitoring,0
757,11,10,10,9,0,High Performer,Average,Medium,Health & wellbeing referral,1
758,12,11,13,0,0,High Performer,Average,Low,Standard monitoring,0
759,11,12,14,4,0,High Performer,Average,Medium,Study skills workshop | Health & wellbeing referral,2
760,14,15,17,2,0,High Performer,High,Medium,Study skills workshop,1
761,15,14,17,14,0,High Performer,High,Low,Standard monitoring,0
762,12,12,13,0,0,High Performer,Average,Low,Standard monitoring,0
763,11,12,14,2,0,Average,Average,Medium,Health & wellbeing referral,1
764,8,9,11,2,0,At-Risk,Average,High,Priority academic counseling | Study skills workshop | Wellness & substance awareness program,2
765,10,10,11,12,0,At-Risk,Average,High,Priority academic counseling | Wellness & substance awareness program | Family engagement program,2
766,8,8,9,2,2,Average,At-Risk,Medium,Remedial tutoring program | Family engagement program,2
767,10,10,10,2,0,At-Risk,Average,High,Priority academic counseling | Study skills workshop | Wellness & substance awareness program,2
768,14,13,13,4,0,Average,Average,Low,Standard monitoring,0
769,11,11,10,0,0,Average,Average,Low,Standard monitoring,0
770,17,18,17,0,0,High Performer,High,Low,Standard monitoring,0
771,14,14,15,0,0,Average,High,Medium,Health & wellbeing referral,1
772,14,14,14,0,0,Average,Average,Medium,Health & wellbeing referral | Family engagement program,2
773,13,14,13,0,0,High Performer,Average,Low,Standard monitoring,0
774,17,18,17,0,0,High Performer,High,Medium,Study skills workshop | Wellness & substance awareness program,2
775,11,10,10,2,0,At-Risk,Average,High,Priority academic counseling | Study skills workshop | Wellness & substance awareness program,2
776,13,12,13,0,0,High Performer,Average,Low,Standard monitoring,0
777,15,14,15,4,0,High Performer,High,Low,Standard monitoring,0
778,11,12,11,2,0,At-Risk,Average,High,Priority academic counseling | Study skills workshop | Wellness & substance awareness program,2
779,11,11,12,0,0,At-Risk,Average,High,Priority academic counseling | Wellness & substance awareness program,1
780,11,10,10,0,0,Average,Average,Medium,Study skills workshop,1
781,10,9,10,2,0,Average,Average,Medium,Health & wellbeing referral,1
782,15,15,15,0,0,High Performer,High,Low,Standard monitoring,0
783,15,14,15,6,0,High Performer,High,Medium,Study skills workshop,1
784,10,11,12,8,0,High Performer,Average,Low,Standard monitoring,0
785,10,9,12,0,0,Average,Average,Medium,Health & wellbeing referral,1
786,14,13,14,6,0,Average,Average,Low,Standard monitoring,0
787,11,13,14,8,0,High Performer,Average,Low,Standard monitoring,0
788,12,13,15,0,0,High Performer,High,Medium,Health & wellbeing referral,1
789,14,14,15,4,0,High Performer,High,Medium,Health & wellbeing referral,1
790,14,14,16,0,0,High Performer,High,Medium,Health & wellbeing referral,1
791,12,12,13,0,0,High Performer,Average,Medium,Health & wellbeing referral,1
792,16,16,17,6,0,High Performer,High,Low,Standard monitoring,0
793,10,12,14,18,0,Average,Average,Medium,Attendance counseling + parent contact,1
794,11,12,14,0,0,Average,Average,Low,Standard monitoring,0
795,14,16,17,4,0,High Performer,High,Medium,Health & wellbeing referral,1
796,15,14,17,4,0,High Performer,High,Low,Standard monitoring,0
797,14,13,14,0,0,High Performer,Average,Low,Standard monitoring,0
798,11,12,13,0,0,High Performer,Average,Low,Standard monitoring,0
799,12,15,15,10,0,Average,High,Medium,Health & wellbeing referral,1
800,12,16,16,4,0,At-Risk,High,High,Priority academic counseling | Wellness & substance awareness program,1
801,10,11,11,16,1,At-Risk,Average,High,Priority academic counseling | Attendance counseling + parent contact | Study skills workshop | Wellness & substance awareness program,3
802,10,13,13,6,1,Average,Average,Medium,Study skills workshop,1
803,9,12,12,0,2,High Performer,Average,Medium,Remedial tutoring program,1
804,9,11,12,11,0,At-Risk,Average,High,Priority academic counseling,0
805,13,14,15,9,0,High Performer,High,Medium,Wellness & substance awareness program | Health & wellbeing referral,2
806,13,17,17,0,0,High Performer,High,Low,Standard monitoring,0
807,12,15,15,2,0,High Performer,High,Low,Standard monitoring,0
808,14,17,17,0,0,High Performer,High,Low,Standard monitoring,0
809,9,10,10,21,2,At-Risk,Average,High,Priority academic counseling | Remedial tutoring program | Attendance counseling + parent contact | Wellness & substance awareness program | Family engagement program,4
810,11,15,15,8,0,Average,High,Medium,Family engagement program,1
811,9,10,11,5,1,At-Risk,Average,High,Priority academic counseling | Study skills workshop | Wellness & substance awareness program,2
812,16,18,18,10,0,High Performer,High,Low,Standard monitoring,0
813,14,17,17,5,0,High Performer,High,Medium,Health & wellbeing referral,1
814,13,14,14,13,0,At-Risk,Average,High,Priority academic counseling | Study skills workshop | Wellness & substance awareness program,2
815,7,11,11,10,0,At-Risk,Average,High,Priority academic counseling | Study skills workshop | Wellness & substance awareness program,2
816,14,17,17,10,0,High Performer,High,Low,Standard monitoring,0
817,8,10,10,5,1,Average,Average,Medium,Study skills workshop | Family engagement program,2
818,10,13,13,4,0,Average,Average,Medium,Health & wellbeing referral,1
819,10,11,11,11,0,At-Risk,Average,High,Priority academic counseling | Study skills workshop,1
820,12,12,12,0,0,Average,Average,Low,Standard monitoring,0
821,10,10,10,6,1,Average,Average,High,Study skills workshop | Health & wellbeing referral | Family engagement program,3
822,10,10,11,4,0,At-Risk,Average,High,Priority academic counseling | Study skills workshop,1
823,16,17,17,0,0,High Performer,High,Low,Standard monitoring,0
824,6,8,9,0,0,Average,At-Risk,Medium,Study skills workshop | Health & wellbeing referral,2
825,10,11,11,5,0,High Performer,Average,Medium,Health & wellbeing referral,1
826,10,11,11,0,0,Average,Average,Low,Standard monitoring,0
827,10,10,10,0,1,Average,Average,Low,Standard monitoring,0
828,6,6,7,0,1,At-Risk,At-Risk,High,Priority academic counseling | Study skills workshop | Early exam preparation support | Family engagement program,3
829,13,14,14,0,0,High Performer,Average,Medium,Study skills workshop | Wellness & substance awareness program,2
830,10,9,11,4,0,Average,Average,Medium,Health & wellbeing referral,1
831,10,10,10,0,0,Average,Average,Medium,Family engagement program,1
832,6,7,8,4,1,Average,At-Risk,High,Study skills workshop | Early exam preparation support | Health & wellbeing referral | Family engagement program,4
833,12,11,12,0,0,Average,Average,Medium,Study skills workshop | Health & wellbeing referral,2
834,10,11,12,2,0,At-Risk,Average,High,Priority academic counseling | Study skills workshop,1
835,14,16,16,0,0,High Performer,High,Medium,Study skills workshop,1
836,7,0,0,0,0,At-Risk,At-Risk,High,Priority academic counseling | Wellness & substance awareness program | Early exam preparation support | Family engagement program,3
837,8,9,9,4,0,At-Risk,At-Risk,High,Priority academic counseling | Wellness & substance awareness program | Family engagement program,2
838,12,13,14,0,0,High Performer,Average,Medium,Health & wellbeing referral,1
839,7,9,8,7,0,Average,At-Risk,Medium,Health & wellbeing referral,1
840,9,10,11,4,0,High Performer,Average,Low,Standard monitoring,0
841,7,9,9,8,0,At-Risk,At-Risk,High,Priority academic counseling | Wellness & substance awareness program | Family engagement program,2
842,11,11,11,0,0,High Performer,Average,Low,Standard monitoring,0
843,8,10,9,8,0,At-Risk,At-Risk,High,Priority academic counseling | Study skills workshop | Wellness & substance awareness program,2
844,16,16,17,6,0,High Performer,High,Low,Standard monitoring,0
845,11,13,13,3,0,Average,Average,Medium,Study skills workshop | Health & wellbeing referral,2
846,15,15,15,2,0,High Performer,High,Medium,Health & wellbeing referral,1
847,10,11,11,0,0,Average,Average,Low,Standard monitoring,0
848,9,10,11,4,0,Average,Average,Low,Standard monitoring,0
849,10,8,8,0,1,Average,At-Risk,Low,Standard monitoring,0
850,9,8,8,3,1,Average,At-Risk,Low,Standard monitoring,0
851,9,10,9,0,0,Average,At-Risk,Medium,Health & wellbeing referral,1
852,13,14,15,0,0,Average,High,Medium,Health & wellbeing referral | Family engagement program,2
853,10,11,11,4,0,At-Risk,Average,High,Priority academic counseling | Study skills workshop | Wellness & substance awareness program,2
854,13,10,13,0,0,Average,Average,Medium,Health & wellbeing referral | Family engagement program,2
855,10,9,10,2,0,Average,Average,Medium,Family engagement program,1
856,11,10,11,1,0,Average,Average,Medium,Health & wellbeing referral | Family engagement program,2
857,13,12,14,0,0,Average,Average,High,Study skills workshop | Wellness & substance awareness program | Health & wellbeing referral | Family engagement program,4
858,13,14,14,0,0,Average,Average,Medium,Health & wellbeing referral | Family engagement program,2
859,14,11,12,2,0,Average,Average,Low,Standard monitoring,0
860,11,11,11,6,0,At-Risk,Average,High,Priority academic counseling | Study skills workshop | Wellness & substance awareness program | Family engagement program,3
861,9,8,8,9,1,At-Risk,At-Risk,High,Priority academic counseling,0
862,10,9,11,0,0,Average,Average,Medium,Study skills workshop,1
863,14,13,14,1,0,Average,Average,Medium,Health & wellbeing referral,1
864,13,12,13,1,0,Average,Average,Medium,Study skills workshop,1
865,13,12,13,0,0,High Performer,Average,Low,Standard monitoring,0
866,13,12,12,4,0,High Performer,Average,Medium,Health & wellbeing referral,1
867,12,11,12,2,1,Average,Average,Low,Standard monitoring,0
868,14,14,16,0,0,Average,High,Medium,Study skills workshop,1
869,10,8,10,4,0,At-Risk,Average,High,Priority academic counseling | Study skills workshop,1
870,10,11,11,2,0,At-Risk,Average,High,Priority academic counseling | Study skills workshop | Wellness & substance awareness program,2
871,12,13,14,0,0,Average,Average,Low,Standard monitoring,0
872,10,8,8,2,0,Average,At-Risk,Medium,Study skills workshop,1
873,12,10,11,11,0,High Performer,Average,Medium,Study skills workshop | Wellness & substance awareness program,2
874,7,7,8,0,3,Average,At-Risk,High,Remedial tutoring program | Early exam preparation support | Health & wellbeing referral | Family engagement program,4
875,9,9,10,4,0,Average,Average,Medium,Study skills workshop,1
876,9,9,10,0,1,At-Risk,Average,High,Priority academic counseling | Study skills workshop | Health & wellbeing referral,2
877,9,10,11,2,0,Average,Average,Medium,Study skills workshop,1
878,9,10,9,0,0,Average,At-Risk,Medium,Study skills workshop | Family engagement program,2
879,9,10,11,1,0,At-Risk,Average,High,Priority academic counseling | Health & wellbeing referral,1
880,7,7,8,6,0,Average,At-Risk,High,Study skills workshop | Early exam preparation support | Health & wellbeing referral,3
881,11,10,11,0,0,Average,Average,Low,Standard monitoring,0
882,9,10,10,1,1,At-Risk,Average,High,Priority academic counseling | Study skills workshop | Wellness & substance awareness program,2
883,7,9,10,6,2,Average,Average,Medium,Remedial tutoring program | Health & wellbeing referral,2
884,7,9,9,6,1,Average,At-Risk,Medium,Family engagement program,1
885,8,9,10,0,1,At-Risk,Average,High,Priority academic counseling | Study skills workshop | Wellness & substance awareness program | Family engagement program,3
886,9,11,10,4,1,Average,Average,High,Study skills workshop | Health & wellbeing referral | Family engagement program,3
887,7,8,9,12,1,At-Risk,At-Risk,High,Priority academic counseling | Wellness & substance awareness program | Health & wellbeing referral | Family engagement program,3
888,8,10,10,2,0,Average,Average,Low,Standard monitoring,0
889,9,9,10,5,0,At-Risk,Average,High,Priority academic counseling | Study skills workshop | Wellness & substance awareness program | Family engagement program,3
890,8,9,9,0,0,At-Risk,At-Risk,High,Priority academic counseling,0
891,14,13,13,0,0,High Performer,Average,Medium,Study skills workshop,1
892,14,14,14,2,0,Average,Average,Medium,Study skills workshop | Family engagement program,2
893,10,11,10,0,1,At-Risk,Average,High,Priority academic counseling | Wellness & substance awareness program,1
894,14,13,14,0,0,Average,Average,Medium,Health & wellbeing referral,1
895,17,16,16,0,0,Average,High,Medium,Study skills workshop,1
896,6,7,7,12,1,At-Risk,At-Risk,High,Priority academic counseling | Study skills workshop | Wellness & substance awareness program | Early exam preparation support | Health & wellbeing referral,4
897,14,12,13,8,0,High Performer,Average,Medium,Study skills workshop | Wellness & substance awareness program,2
898,10,8,9,2,1,At-Risk,At-Risk,High,Priority academic counseling | Wellness & substance awareness program,1
899,14,14,14,0,0,Average,Average,Medium,Family engagement program,1
900,12,13,13,0,0,Average,Average,Medium,Health & wellbeing referral,1
901,11,11,11,0,0,Average,Average,Medium,Study skills workshop | Family engagement program,2
902,11,9,10,8,1,At-Risk,Average,High,Priority academic counseling | Wellness & substance awareness program,1
903,11,11,10,0,0,Average,Average,Medium,Family engagement program,1
904,10,9,9,0,1,At-Risk,At-Risk,High,Priority academic counseling | Study skills workshop,1
905,16,17,18,0,0,Average,High,Medium,Health & wellbeing referral | Family engagement program,2
906,15,17,17,0,0,Average,High,Medium,Health & wellbeing referral,1
907,11,9,10,1,0,Average,Average,Medium,Family engagement program,1
908,7,7,7,9,1,Average,At-Risk,Medium,Early exam preparation support | Family engagement program,2
909,8,6,8,0,0,Average,At-Risk,Medium,Study skills workshop | Health & wellbeing referral,2
910,7,6,7,2,0,Average,At-Risk,High,Study skills workshop | Wellness & substance awareness program | Early exam preparation support,3
911,9,8,10,8,0,Average,Average,Medium,Wellness & substance awareness program | Family engagement program,2
912,14,16,16,0,0,High Performer,High,Medium,Health & wellbeing referral,1
913,14,14,15,0,0,Average,High,High,Study skills workshop | Wellness & substance awareness program | Health & wellbeing referral,3
914,8,5,8,8,1,Average,At-Risk,Medium,Health & wellbeing referral,1
915,8,7,0,0,0,Average,At-Risk,Medium,Health & wellbeing referral,1
916,6,8,8,6,0,Average,At-Risk,Medium,Family engagement program,1
917,8,10,10,0,0,Average,Average,Medium,Health & wellbeing referral,1
918,8,8,8,4,0,High Performer,At-Risk,Low,Standard monitoring,0
919,5,6,6,2,0,At-Risk,At-Risk,High,Priority academic counseling | Wellness & substance awareness program | Early exam preparation support,2
920,7,9,8,2,0,Average,At-Risk,Medium,Health & wellbeing referral,1
921,15,14,16,0,0,High Performer,High,Low,Standard monitoring,0
922,13,14,14,1,0,High Performer,Average,Medium,Study skills workshop,1
923,10,9,10,0,0,Average,Average,Low,Standard monitoring,0
924,9,9,9,5,0,Average,At-Risk,Medium,Study skills workshop,1
925,11,11,11,1,0,High Performer,Average,Medium,Study skills workshop,1
926,7,10,9,8,0,At-Risk,At-Risk,High,Priority academic counseling | Study skills workshop | Wellness & substance awareness program,2
927,10,10,10,0,0,Average,Average,Medium,Health & wellbeing referral | Family engagement program,2
928,9,7,8,2,0,Average,At-Risk,Medium,Wellness & substance awareness program,1
929,14,15,16,0,0,Average,High,Low,Standard monitoring,0
930,11,12,12,0,0,High Performer,Average,Medium,Study skills workshop | Wellness & substance awareness program,2
931,9,11,10,11,0,Average,Average,Low,Standard monitoring,0
932,13,14,14,8,0,Average,Average,Low,Standard monitoring,0
933,12,13,12,11,0,Average,Average,Medium,Study skills workshop,1
934,11,11,11,2,0,Average,Average,Low,Standard monitoring,0
935,9,10,10,8,0,Average,Average,Medium,Health & wellbeing referral,1
936,9,11,11,5,0,Average,Average,Medium,Study skills workshop | Health & wellbeing referral,2
937,11,9,11,0,0,Average,Average,Low,Standard monitoring,0
938,10,11,12,1,0,High Performer,Average,Medium,Wellness & substance awareness program,1
939,9,9,8,2,3,At-Risk,At-Risk,High,Priority academic counseling | Remedial tutoring program | Study skills workshop,2
940,12,11,12,2,0,Average,Average,Medium,Study skills workshop,1
941,8,9,8,8,1,At-Risk,At-Risk,High,Priority academic counseling | Wellness & substance awareness program,1
942,13,15,16,0,0,High Performer,High,Low,Standard monitoring,0
943,10,11,11,0,0,Average,Average,Medium,Study skills workshop | Health & wellbeing referral,2
944,11,10,11,2,0,Average,Average,Medium,Family engagement program,1
945,17,18,18,0,0,High Performer,High,Low,Standard monitoring,0
946,12,13,13,0,0,Average,Average,Low,Standard monitoring,0
947,13,14,13,0,0,High Performer,Average,Medium,Health & wellbeing referral,1
948,9,9,10,2,2,At-Risk,Average,High,Priority academic counseling | Remedial tutoring program | Wellness & substance awareness program | Family engagement program,3
949,11,11,12,4,0,Average,Average,Medium,Study skills workshop | Family engagement program,2
950,10,11,10,3,0,At-Risk,Average,High,Priority academic counseling | Study skills workshop | Family engagement program,2
951,13,14,13,5,0,Average,Average,Low,Standard monitoring,0
952,9,10,11,4,0,At-Risk,Average,High,Priority academic counseling | Study skills workshop | Wellness & substance awareness program,2
953,7,9,10,2,3,At-Risk,Average,High,Priority academic counseling | Remedial tutoring program,1
954,8,13,10,0,0,At-Risk,Average,High,Priority academic counseling | Study skills workshop | Wellness & substance awareness program,2
955,12,12,13,0,1,Average,Average,Medium,Study skills workshop | Family engagement program,2
956,10,9,10,0,0,At-Risk,Average,High,Priority academic counseling | Study skills workshop | Health & wellbeing referral | Family engagement program,3
957,10,9,10,6,0,Average,Average,Medium,Wellness & substance awareness program | Family engagement program,2
958,11,13,12,0,0,Average,Average,Medium,Health & wellbeing referral,1
959,7,0,0,0,1,Average,At-Risk,Medium,Study skills workshop | Early exam preparation support,2
960,11,9,10,2,0,At-Risk,Average,High,Priority academic counseling | Study skills workshop,1
961,10,10,9,0,0,At-Risk,At-Risk,High,Priority academic counseling | Study skills workshop | Wellness & substance awareness program | Family engagement program,3
962,9,7,9,2,1,At-Risk,At-Risk,High,Priority academic counseling | Study skills workshop | Family engagement program,2
963,4,0,0,0,1,At-Risk,At-Risk,High,Priority academic counseling | Study skills workshop | Early exam preparation support,2
964,6,11,9,4,3,Average,At-Risk,Medium,Remedial tutoring program | Study skills workshop,2
965,4,8,8,9,2,At-Risk,At-Risk,High,Priority academic counseling | Remedial tutoring program,1
966,7,8,8,6,0,At-Risk,At-Risk,High,Priority academic counseling | Study skills workshop | Wellness & substance awareness program,2
967,8,9,9,4,3,At-Risk,At-Risk,High,Priority academic counseling | Remedial tutoring program | Study skills workshop,2
968,5,5,7,8,2,At-Risk,At-Risk,High,Priority academic counseling | Remedial tutoring program | Early exam preparation support | Health & wellbeing referral,3
969,7,9,10,9,0,Average,Average,Medium,Study skills workshop | Family engagement program,2
970,8,11,10,12,1,At-Risk,Average,High,Priority academic counseling | Study skills workshop | Wellness & substance awareness program | Family engagement program,3
971,10,11,10,8,0,At-Risk,Average,High,Priority academic counseling | Study skills workshop | Wellness & substance awareness program | Health & wellbeing referral,3
972,9,10,11,8,0,At-Risk,Average,High,Priority academic counseling | Study skills workshop | Wellness & substance awareness program,2
973,10,9,11,8,1,At-Risk,Average,High,Priority academic counseling | Health & wellbeing referral | Family engagement program,2
974,8,9,10,4,1,At-Risk,Average,High,Priority academic counseling,0
975,9,10,9,0,0,At-Risk,At-Risk,High,Priority academic counseling | Study skills workshop,1
976,8,9,10,4,1,At-Risk,Average,High,Priority academic counseling | Study skills workshop | Family engagement program,2
977,6,8,8,2,2,Average,At-Risk,Medium,Remedial tutoring program,1
978,6,8,7,0,0,At-Risk,At-Risk,High,Priority academic counseling | Study skills workshop | Family engagement program,2
979,8,6,0,0,1,At-Risk,At-Risk,High,Priority academic counseling | Study skills workshop,1
980,10,11,11,0,0,Average,Average,Medium,Study skills workshop | Family engagement program,2
981,8,7,8,5,0,Average,At-Risk,Low,Standard monitoring,0
982,8,8,0,0,0,At-Risk,At-Risk,High,Priority academic counseling,0
983,7,6,8,3,1,Average,At-Risk,Medium,Early exam preparation support,1
984,8,10,9,0,0,Average,At-Risk,Medium,Study skills workshop,1
985,7,10,10,0,0,Average,Average,Medium,Study skills workshop,1
986,7,8,7,3,2,At-Risk,At-Risk,High,Priority academic counseling | Remedial tutoring program | Family engagement program,2
987,12,13,14,2,0,Average,Average,Medium,Health & wellbeing referral,1
988,11,12,13,0,0,High Performer,Average,Medium,Study skills workshop,1
989,12,13,14,0,0,Average,Average,Low,Standard monitoring,0
990,18,18,18,0,0,High Performer,High,Medium,Health & wellbeing referral,1
991,17,17,17,3,0,High Performer,High,Medium,Study skills workshop,1
992,17,18,18,0,0,High Performer,High,Low,Standard monitoring,0
993,9,0,0,0,1,Average,At-Risk,Low,Standard monitoring,0
994,10,11,11,8,0,At-Risk,Average,High,Priority academic counseling | Study skills workshop | Wellness & substance awareness program | Health & wellbeing referral,3
995,12,13,14,5,0,High Performer,Average,Medium,Study skills workshop | Health & wellbeing referral,2
996,12,13,14,4,0,At-Risk,Average,High,Priority academic counseling | Study skills workshop | Wellness & substance awareness program | Family engagement program,3
997,8,8,10,4,0,Average,Average,Medium,Health & wellbeing referral,1
998,11,12,13,0,0,Average,Average,Medium,Wellness & substance awareness program,1
999,5,0,0,0,0,Average,At-Risk,Medium,Early exam preparation support,1
1000,9,10,10,2,1,Average,Average,Medium,Health & wellbeing referral | Family engagement program,2
1001,5,0,0,0,1,At-Risk,At-Risk,High,Priority academic counseling | Study skills workshop | Early exam preparation support | Health & wellbeing referral | Family engagement program,4
1002,18,18,18,0,0,High Performer,High,Low,Standard monitoring,0
1003,11,11,12,5,0,Average,Average,Medium,Health & wellbeing referral,1
1004,8,10,11,2,0,Average,Average,Medium,Family engagement program,1
1005,11,11,12,0,0,Average,Average,Low,Standard monitoring,0
1006,8,0,0,0,3,At-Risk,At-Risk,High,Priority academic counseling | Remedial tutoring program | Wellness & substance awareness program | Health & wellbeing referral | Family engagement program,4
1007,14,14,15,5,0,Average,High,Low,Standard monitoring,0
1008,10,11,11,4,1,High Performer,Average,Medium,Health & wellbeing referral,1
1009,10,10,10,0,0,Average,Average,Low,Standard monitoring,0
1010,12,12,12,2,0,High Performer,Average,Low,Standard monitoring,0
1011,15,14,15,0,0,Average,High,Low,Standard monitoring,0
1012,14,13,14,2,0,Average,Average,Medium,Study skills workshop | Family engagement program,2
1013,19,17,18,0,0,Average,High,Medium,Family engagement program,1
1014,16,15,15,0,0,Average,High,Medium,Wellness & substance awareness program,1
1015,13,12,13,6,0,High Performer,Average,Low,Standard monitoring,0
1016,15,14,15,4,0,High Performer,High,Medium,Health & wellbeing referral,1
1017,13,13,13,0,0,Average,Average,Low,Standard monitoring,0
1018,8,10,9,0,0,Average,At-Risk,Medium,Wellness & substance awareness program,1
1019,15,16,16,0,0,High Performer,High,Low,Standard monitoring,0
1020,8,8,9,0,1,Average,At-Risk,High,Study skills workshop | Health & wellbeing referral | Family engagement program,3
1021,10,10,10,0,0,Average,Average,Medium,Study skills workshop,1
1022,7,5,0,0,0,At-Risk,At-Risk,High,Priority academic counseling | Wellness & substance awareness program | Early exam preparation support,2
1023,9,10,10,3,0,At-Risk,Average,High,Priority academic counseling | Study skills workshop,1
1024,10,11,12,8,0,Average,Average,Low,Standard monitoring,0
1025,7,8,9,4,0,At-Risk,At-Risk,High,Priority academic counseling | Study skills workshop | Health & wellbeing referral,2
1026,15,17,17,0,0,High Performer,High,Medium,Health & wellbeing referral,1
1027,10,11,12,4,0,Average,Average,Medium,Family engagement program,1
1028,7,8,9,4,1,Average,At-Risk,Medium,Family engagement program,1
1029,13,14,14,1,0,High Performer,Average,Medium,Wellness & substance awareness program | Health & wellbeing referral,2
1030,16,16,16,1,0,High Performer,High,Medium,Health & wellbeing referral,1
1031,8,9,9,10,0,At-Risk,At-Risk,High,Priority academic counseling | Health & wellbeing referral,1
1032,17,18,19,4,0,High Performer,High,Medium,Wellness & substance awareness program | Health & wellbeing referral,2
1033,7,7,0,0,0,At-Risk,At-Risk,High,Priority academic counseling | Study skills workshop | Early exam preparation support,2
1034,14,15,16,4,0,High Performer,High,Low,Standard monitoring,0
1035,5,8,0,0,1,Average,At-Risk,Medium,Study skills workshop | Family engagement program,2
1036,7,7,0,0,1,At-Risk,At-Risk,High,Priority academic counseling | Study skills workshop | Wellness & substance awareness program | Early exam preparation support,3
1037,14,17,15,0,0,Average,High,Low,Standard monitoring,0
1038,6,9,11,0,0,High Performer,Average,Medium,Health & wellbeing referral,1
1039,7,9,10,4,0,At-Risk,Average,High,Priority academic counseling | Study skills workshop,1
1040,10,11,10,4,1,Average,Average,Low,Standard monitoring,0
1041,15,15,16,4,0,High Performer,High,Medium,Health & wellbeing referral,1
1042,11,12,9,6,0,Average,At-Risk,Medium,Family engagement program,1
1043,10,10,10,6,0,At-Risk,Average,High,Priority academic counseling | Study skills workshop | Wellness & substance awareness program | Health & wellbeing referral,3
1044,10,11,11,4,0,At-Risk,Average,High,Priority academic counseling | Study skills workshop | Wellness & substance awareness program,2
